step,layer,S,J,C,T,switched,r_h,J_over_T,execution_repeat_energy,fp32_error_rms,multi_exchange,J_execution,J_unchanged_execution,relative_execution_reference_J_difference,same_state_repeat_over_update_T,multi_exchange_given_switch,incoming_rank9_share,top100_event_share,event_document_groups
64,1,2.7337670906427688e-09,1.3417539834544459e-08,1.701581025638188e-11,1.6185338545699988e-08,0.011555900645510209,0.0007050546489064967,0.8289934619939809,7.225355978277766e-11,3.1447453805010747e-10,2.244082075057813e-06,1.3529528609925939e-08,7.864201505693911e-11,0.008346446275729003,0.0034193816010742064,0.0001941936110301971,0.9782545383943306,0.10350423836886648,840
64,2,1.565076378166225e-07,1.225185660051079e-07,3.8335522838223713e-10,2.797929142784948e-07,0.028976709794184013,0.0015835996367984711,0.437890167165412,4.611633455674614e-08,9.975405572946737e-09,2.5806943863164852e-05,1.2317676883469628e-07,3.9157276620028594e-10,0.005372270106074772,0.12694554170087435,0.0008906098741529526,0.9564376354069948,0.05340622652036859,866
64,3,4.829238438492443e-07,2.6456407320433864e-07,1.1674937587758005e-09,7.498229045711346e-07,0.03281184606045782,0.0017927245104697757,0.35283541165717996,7.369948582779348e-07,9.377588336118295e-08,5.3857969801387514e-05,2.6521821777921635e-07,2.852375979121487e-10,0.0024725374347123186,0.47013682794152645,0.0016414184591184214,0.9477331694660658,0.049247480177946217,865
64,4,2.873365053147429e-07,5.77351076941014e-07,3.465005758529357e-09,8.716175937728155e-07,0.04020497445673578,0.0024134223511875497,0.6623903430424545,6.000160926670873e-07,3.7708319767820836e-07,0.0002345065768435415,5.784759170227555e-07,2.994430671945182e-10,0.0019482774461967445,0.6250000711389093,0.005832775173029695,0.9198157704899839,0.02897451863729084,867
64,5,4.817358788005426e-07,9.916115720721568e-07,5.9242463530625524e-09,1.4851959435788242e-06,0.04538880405011933,0.0029167494906234535,0.6676638031226407,1.1168169306829026e-06,1.1649851133631764e-09,0.00014362125280370004,9.925175277945546e-07,2.914253264832656e-10,0.0009136195541814551,0.727905042516561,0.003164244042321764,0.9278972918360809,0.021840602391376196,867
64,6,7.60898401883021e-07,1.3711345513315147e-06,9.228769208613439e-09,2.150490491631762e-06,0.04923964889091854,0.0033048114618007968,0.6375915432628195,1.6972692701162391e-06,1.3924094292283649e-09,0.00017952656600462506,1.3725028756788994e-06,3.7387621532293353e-10,0.0009979504535539974,0.7650735596437521,0.0036459757542612343,0.9196331274972757,0.021646426977049507,867
64,7,8.874041032790809e-07,1.9774096479462233e-06,1.2920913361235862e-08,2.890655577947776e-06,0.05753489828136974,0.0036241082046058397,0.6840696148761132,2.3822053098446675e-06,1.4488831187588836e-09,0.0002950967928701024,1.9783875667772272e-06,2.7209291189068665e-10,0.0004945453927664989,0.808457937297876,0.005129005207012891,0.9123433316518568,0.0152809073547114,867
64,8,1.2710569605566552e-06,2.0716935392056003e-06,1.588714012809015e-08,3.3745247800184354e-06,0.05744064683421731,0.0036474518781853334,0.6139215665188513,2.844546860774761e-06,1.6339936295174192e-09,0.0003343682291836142,2.0729832259548686e-06,3.107163636881015e-10,0.0006225277652613936,0.8257592491121101,0.005821108354657864,0.9042218510894473,0.01578068858125358,867
64,9,1.6005361680464186e-06,2.406044748206455e-06,1.9053015329836168e-08,4.044686946912547e-06,0.06195125180508352,0.003943500264096242,0.5948655062273915,3.488104042509273e-06,1.5574079729953893e-09,0.0003085612853204493,2.40781885851124e-06,4.348329970027598e-10,0.0007373554902116997,0.8458746810904535,0.004980711064423233,0.9001874076476736,0.013623404669241404,867
64,10,1.7759190945782559e-06,2.6212162088079914e-06,2.1247050048476772e-08,4.439629403483202e-06,0.06158210030373651,0.004068612549782908,0.5904132914228073,3.902508008168903e-06,1.4681218390751738e-09,0.0003433445574838454,2.6227691168851802e-06,4.3814765932206236e-10,0.0005924379957558124,0.8642493927025322,0.005575395379345528,0.8989763565540357,0.014148635188204885,867
64,11,1.9855803030247748e-06,3.3374409617764804e-06,2.5715197277502015e-08,5.3744516593562596e-06,0.0680719856648037,0.00461688803733826,0.6209825993999604,4.73985170412627e-06,1.4905239418779294e-09,0.00040169069143534855,3.338851883373411e-06,4.0171120857242235e-10,0.0004227555222968693,0.8704691009402709,0.005900969209467924,0.8937658720406324,0.011775933808640525,867
64,12,2.495248893468211e-06,3.715840255230352e-06,3.120343726402382e-08,6.27349602322661e-06,0.07192283050560291,0.004742211818605058,0.5923077406079562,5.615267708596218e-06,1.5568094481745854e-09,0.0004948200975502478,3.7175339382501717e-06,4.515994017720202e-10,0.0004558008158277449,0.8844021495914044,0.0068798751950078,0.8911457122937485,0.011678175509226278,867
64,13,2.8823987506666184e-06,4.52219593248867e-06,3.919488317146411e-08,7.482984449498218e-06,0.07712910091973704,0.00512026611467403,0.6043305265443806,6.731909845328507e-06,1.6186213527247041e-09,0.0005060405079255368,4.52383626346254e-06,4.5351984729019954e-10,0.0003627288596863565,0.8902107417556343,0.006560954320628454,0.886929880339904,0.010569042819928298,867
64,14,3.453890873720362e-06,4.419719805608485e-06,4.1212312488564374e-08,7.956035304305975e-06,0.06870032864581989,0.00478162802878748,0.5555178724780718,7.1804750240350995e-06,1.606708348028842e-09,0.0004791115230248431,4.42180469790615e-06,6.067796211653053e-10,0.00047172499374736887,0.8919944638695873,0.00697393349447965,0.8930673801994649,0.011534022884123354,867
64,15,3.4433970404458296e-06,4.980260010487689e-06,4.580170094637642e-08,8.515260452826274e-06,0.07695742864099511,0.005079202572927292,0.5848629103100078,7.717486062757032e-06,2.1093373097811345e-09,0.0005363356159388174,4.98256439725581e-06,5.43985639989155e-10,0.00046270410847371046,0.8960576216851348,0.006969250732646129,0.8862626467310281,0.010507029022291777,867
64,16,4.174207955029835e-06,6.0574321838188625e-06,6.003773188323432e-08,1.035171560261517e-05,0.08290088001678574,0.005367033503036138,0.5851621524734087,9.412315583700386e-06,1.8264553540178767e-09,0.0007517674951443674,6.059877613797248e-06,5.104989592178804e-10,0.00040370736380968,0.9002223026853416,0.009068269178712576,0.879150636084561,0.009556465036106365,867
64,17,4.670773298974254e-06,5.622052072430839e-06,5.1966643090374836e-08,1.0396758657585841e-05,0.07976701939896749,0.005012463386098923,0.5407504644083271,9.466358916833141e-06,3.379670542511524e-09,0.0006709805404422861,5.624903595805657e-06,5.526651654319094e-10,0.0005072033019404287,0.9003991071106192,0.008411753949163749,0.8819838536510548,0.010796026331850297,867
64,18,4.701294110893149e-06,5.769007725730365e-06,5.9241851116511014e-08,1.0588785538856537e-05,0.08532224457577312,0.005062249340995922,0.5448224165614134,9.672984800937275e-06,2.0208799602912097e-09,0.0009144634455860588,5.771801399927014e-06,5.077832246347855e-10,0.0004842555824962069,0.9042609385910899,0.010717761237211014,0.8725982163750292,0.009903483098496112,867
64,19,7.382041229162234e-06,8.823838069920358e-06,8.803091759722086e-08,1.638194113427703e-05,0.09186374382456663,0.005508138640680321,0.5386320215409426,1.4910309927410289e-05,2.5561480959617476e-09,0.0009930063182130822,8.828448078592983e-06,6.058062364914723e-10,0.0005224493736279978,0.9013934828821887,0.010809556380691811,0.8677315753887762,0.010571502146419418,866
64,20,8.320512057386811e-06,8.550855859940405e-06,8.043590842261546e-08,1.7032239734172447e-05,0.08884208731050129,0.005503624040931852,0.5020394260177355,1.5616954243230248e-05,2.5742739949202016e-09,0.0012050720743060456,8.555683880311735e-06,6.546222722906104e-10,0.0005646242259735867,0.9080292408169537,0.013564202629485092,0.8615464994775339,0.014213999506623958,867
64,21,9.18551303386677e-06,9.985491500129104e-06,9.853257874700567e-08,1.9368069691489892e-05,0.09665822517792766,0.006234370131519452,0.5155646204906323,1.7945055623629612e-05,2.6131987785324132e-09,0.0015562709190525934,9.989787088159441e-06,7.08509212802809e-10,0.00043018293393792817,0.9193324345277688,0.016100760345928375,0.84976006747746,0.013234031177795869,867
64,22,3.965263528335102e-05,1.2505735600152952e-05,6.974152295815356e-08,5.229785392942028e-05,0.09666720150622789,0.007110666759005389,0.23912521567386574,5.207755472159087e-05,1.5917419444144264e-08,0.0016157390940416255,1.250489503013846e-05,8.878576491436235e-10,-6.72147598004269e-05,0.9932623351005482,0.016714449874061264,0.8488402546088065,0.13361923323694505,867
64,23,1.625972580448168e-05,1.4988915144678068e-05,-1.303746878876723e-08,3.122256601158222e-05,0.1055874277545827,0.007773693940971429,0.4800667292725982,2.90990863950823e-05,3.5575509363924396e-09,0.002125145725079749,1.49929002958485e-05,7.767887786640369e-10,0.0002658732224425364,0.927866128190845,0.02012688224604954,0.8331259333001493,0.060455316856541826,867
64,24,1.4713329105611618e-05,1.552447456090335e-05,-3.089333391445084e-08,3.0176016998686062e-05,0.10965370447458746,0.007608589355060505,0.5144640050268835,2.8133225785020268e-05,2.361853191218643e-09,0.0024303408872876115,1.5528514252381012e-05,9.150259935685786e-10,0.00026021437709955464,0.9276707430686185,0.022163782782649622,0.8280057702830423,0.020034587656966685,867
64,25,1.8622426490792832e-05,1.841309589355944e-05,6.525113264830124e-08,3.7166024649648875e-05,0.11457273238311418,0.008208416350068932,0.49542817848110626,3.475011615851902e-05,2.8693178784896996e-09,0.002489809062276644,1.8418762915753208e-05,1.0865088084967933e-09,0.00030777128553127753,0.9308000034901884,0.021731253244018766,0.8296457432903035,0.028623940571855237,867
64,26,2.3479720039872927e-05,1.7272490890703175e-05,1.395415222535638e-07,4.103129397508322e-05,0.10097920521345148,0.00772175350174439,0.4209589612550877,3.868619782531234e-05,4.266016402487821e-09,0.0021935902283690125,1.7278140990051688e-05,1.1273721891821387e-09,0.00032711549157937725,0.9384334893088602,0.02172318769723099,0.8339047948687441,0.022418975087632124,867
64,27,1.8839774977277135e-05,1.7103611681334245e-05,1.4754019949325478e-07,3.62384670575979e-05,0.10332875914603701,0.007718178363204247,0.47197392908893027,3.387052410879551e-05,2.8476229878151877e-09,0.0021689053255433766,1.7110335787946714e-05,1.214012724609212e-09,0.0003931395741290089,0.9289533605412694,0.020990335541318277,0.8375811353119937,0.012281046453948317,867
64,28,2.2197322900603477e-05,1.976382631520017e-05,1.5106061789830646e-07,4.226327045160025e-05,0.1068295271831272,0.007869770398573343,0.4676359899273208,3.945437932883101e-05,2.8074781571003378e-09,0.0023484318915480014,1.9771207361467567e-05,1.1054038113411742e-09,0.000373462413081338,0.9282461454270198,0.021982984980569265,0.8298387591196126,0.013466644340419633,867
64,29,2.183325158149313e-05,1.676357585760961e-05,7.996541902081307e-08,3.875675827714437e-05,0.09813258710124063,0.00693388626640847,0.43253297238472654,3.622864050446021e-05,3.038471970763799e-09,0.002126267766117278,1.677192106268954e-05,1.252860114772696e-09,0.0004978177180583465,0.92830312833649,0.021667295532763926,0.8385192774572912,0.011635560645895522,867
64,30,2.2421319708953994e-05,1.599111663321315e-05,7.429314829723908e-08,3.8561022638761626e-05,0.09984369968347222,0.006742777843223624,0.41469638352222654,3.6118252362684016e-05,2.5304895504876654e-09,0.002086996329803766,1.599915680308381e-05,1.1763993957529758e-09,0.0005027897710381257,0.9306790552398452,0.020902634181425874,0.841105524335338,0.016106866717598037,867
64,31,2.877353309606058e-05,2.05033282119529e-05,-6.845031780602387e-08,4.913996067240143e-05,0.11504959982406397,0.006860736181301442,0.41724348028361824,4.5870403275002327e-05,3.11290031211113e-09,0.002655871135830922,2.051518651179932e-05,1.1543285682242909e-09,0.0005783597532964535,0.9276378622767063,0.023084575173597563,0.8232503527228309,0.017787237819065216,867
64,32,4.5491891816151935e-05,2.1560088432886285e-05,-1.716166289839392e-07,6.670874699107034e-05,0.11555676237302703,0.0071689840763149775,0.32319732277046553,6.159464994359679e-05,6.858208508074423e-09,0.0030811246890543775,2.1573711710971636e-05,1.2673796937658546e-09,0.0006318748704468025,0.918713186368447,0.0266633005787082,0.8135047627985548,0.0745409966987918,867
64,33,4.127787249151531e-05,2.580054327215094e-05,-2.4834423330047987e-07,6.658172729706531e-05,0.1158698118224976,0.00823716078369013,0.38750186153984223,6.110667538438169e-05,3.856169533782628e-09,0.0032617732960965313,2.5812723071107183e-05,1.729993428560616e-09,0.0004720752903444314,0.9132810864478674,0.028150328759429438,0.8105428121006334,0.0540062467859898,867
64,34,0.00017628423489063802,5.936904511471108e-05,-8.441799940766366e-07,0.00023396492001719586,0.11054572709942294,0.012489517415668023,0.2537519090911048,0.00021151925230032906,1.9396731693558586e-08,0.0034772051753020816,5.935985627284468e-05,2.546048949466294e-09,-0.00015477496477578345,0.9031445876504592,0.031454903473335905,0.8089582989144696,0.5655613886803542,867
64,35,4.334223985303426e-05,3.3856868218622616e-05,-4.091210277884073e-07,7.638086601608004e-05,0.11396346409973598,0.009289505170013094,0.44326373847993444,7.184217794379176e-05,3.3453155981455513e-09,0.003908068933713181,3.3869388020184326e-05,1.948545489691066e-09,0.0003697861680787007,0.9361083023574807,0.03429229678638941,0.7989100409202851,0.01948866359931616,867
64,36,5.8329706495225945e-05,3.3667165709215556e-05,-6.6296484134413e-07,9.067094252175323e-05,0.11091487860076994,0.009070399077151877,0.37131152244434135,8.506494286893997e-05,4.071109332304055e-09,0.003687026849319987,3.3686313246006556e-05,2.5753309908761188e-09,0.0005687302862491528,0.933512573484373,0.03324195000556393,0.8050574978999507,0.02993319822718836,867
64,37,6.460923785397468e-05,4.157768959023642e-05,-4.990044765130429e-07,0.00010518891849118504,0.11018891804948874,0.009944617884487623,0.39526682265224244,9.859282042912243e-05,4.7554442170520764e-09,0.0035591141710416916,4.159774660651826e-05,3.3644011309241997e-09,0.00048239852862219657,0.9324982313685733,0.032300109975153764,0.8092251353773033,0.07144646757152334,867
64,38,8.64650026135227e-05,4.4139790191904747e-05,5.372527628701696e-08,0.00013071224335800148,0.08375924141049534,0.009414332063432953,0.33768673123459747,0.00012313378700126707,6.783351410431778e-09,0.002122901643004691,4.417877507578129e-05,6.029859406704019e-09,0.0008832140729950755,0.9341792983397721,0.02534528258918405,0.8363784898271458,0.02035543463813108,867
64,39,8.382124385447858e-05,5.443205416250117e-05,1.91077254020226e-07,0.0001386354525250202,0.09133301841381547,0.010084883118121469,0.39262723330222876,0.0001313600345116919,6.525408527367139e-09,0.0020466028524527254,5.4482582447629025e-05,6.7138020470751675e-09,0.0009282817983868874,0.9381759883569545,0.022408137692109236,0.8459104477611941,0.02117153199033642,867
64,40,0.00011951633821111799,7.779023226882696e-05,1.7071812849811614e-07,0.00019764800673694122,0.09213191163253605,0.0110937064845883,0.3935796447082896,0.0001856641699431471,6.455542484525428e-09,0.0022036885977067726,7.78544213534841e-05,9.081886580990376e-09,0.0008251560997443175,0.9309926379962705,0.023918841568121203,0.842233238904627,0.03394596671602733,867
64,41,0.00014877287421856988,9.04212447885025e-05,-3.235539304157813e-07,0.00023854701114624084,0.07982648757395654,0.010931877921435953,0.3790500008950853,0.0002260549564543307,8.24671890103268e-09,0.0017930215779711927,9.052361104780082e-05,1.60081708230001e-08,0.0011321040706502306,0.935993676932849,0.02246148656246486,0.8488486303612354,0.030470004967175966,867
64,42,0.00027182367946975165,0.000125575969109969,9.844476086827892e-08,0.00039759653810145717,0.0734129010034413,0.012006385557163421,0.31583768236413823,0.0003722578389869547,1.0094922514121871e-08,0.0016516444072425505,0.0001257186011112141,1.996884583832671e-08,0.0011358224209296885,0.9263979482944187,0.022498013083083693,0.8519561768935406,0.09260937205184147,867
64,43,0.00034589746255169645,0.00017195964161478613,-3.814040819036955e-06,0.0005102290225284085,0.07413773951368498,0.013262167105149682,0.3370244224106475,0.00048009317521995244,1.0916922294961426e-08,0.0018076081114590686,0.00017214859024743473,2.960743144528307e-08,0.0010987963854440785,0.9301180963673071,0.024381753791203803,0.848404682909718,0.05049754619505406,867
64,44,0.0003781365615076159,0.00023735364944956755,-1.1267697838898563e-06,0.0006132366713894036,0.07804468640636063,0.014804589238846137,0.3870506454087261,0.0005842141686442506,1.3186267819971014e-08,0.0023820931226738685,0.00023763689639491405,3.567611057560447e-08,0.0011933540773583218,0.9386635637167039,0.03052216918741733,0.8308360864737412,0.043201518480235034,867
64,45,0.00040703264211606224,0.00025147819957606706,1.2595765632698888e-06,0.0006610299948186689,0.08065904202380297,0.014635019488477518,0.3804338706975794,0.0006285354102511219,1.3771720190032317e-08,0.0018805407788984475,0.0002517881831566698,3.723892054949814e-08,0.0012326459356131192,0.9364385659385754,0.02331469270789862,0.8451605068210338,0.01749618069484764,867
64,46,0.0005571417846526647,0.00030513998531866315,-1.879586195185151e-06,0.0008585225975809572,0.08232751704660846,0.015321186203748706,0.35542452368574834,0.000811764866470561,1.609925767440757e-08,0.0019736701850133465,0.00030553511320776533,6.154714109393267e-08,0.0012949069545558078,0.9330796018033567,0.02397339620841454,0.8443677978644677,0.020991850597672945,867
64,47,0.000642471805807999,0.00037252902793965273,2.083036536398961e-06,0.0010191669068204498,0.0819179720679104,0.01647365931088313,0.36552308110341974,0.0009698199736592262,3.8308263544051104e-08,0.0015472945907523622,0.0003730011421527307,6.852324745323685e-08,0.001267321947202582,0.9386089777055606,0.01888834100372562,0.8489423553525259,0.01591703728715842,867
64,48,0.0020632722832581406,0.0009132155876716751,2.1705751224151685e-05,0.003019899373378119,0.054762334877635814,0.02485401448687218,0.30239934340929187,0.0028045331576940394,1.2690409802159854e-07,0.0006934213611928643,0.000918292492804673,1.171457484567824e-06,0.005559371961599835,0.8954294867064297,0.012662377576527478,0.8769650434431199,0.03376405347549737,866
128,1,2.509249659368744e-09,1.291451170754636e-08,1.619090109714905e-11,1.5456143169109402e-08,0.011091375655973242,0.0006902163350299307,0.8355584938781664,7.104714570132935e-11,3.1263126032204903e-10,0.0,1.3023698196206921e-08,7.911911990799654e-11,0.008454558029999726,0.003491054079199648,0.0,0.9783510369246333,0.09970775206847898,840
128,2,2.3428642046518464e-07,1.195419543323984e-07,3.7070362250860984e-10,3.545697820426003e-07,0.028769132202241164,0.0015662946785243478,0.33714648113480766,4.606872002142889e-08,1.0473901259591757e-08,2.019673867552032e-05,1.2005598811536224e-07,2.5025931265150233e-10,0.004300028269025313,0.10542200423459668,0.000702028081123245,0.960246316938187,0.056594251578151074,866
128,3,3.256350287190368e-07,2.5968140804284216e-07,1.2987224443851658e-09,5.879138816506492e-07,0.03213862143794047,0.0017826363417357929,0.4416997389375309,3.850843541155788e-07,6.580989268813537e-08,5.3857969801387514e-05,2.602946709351285e-07,2.785197181495076e-10,0.0023615972237225336,0.39026672931396733,0.0016758021157001711,0.9460806524694155,0.050769406995668044,866
128,4,2.961205058023911e-07,5.577764488793921e-07,3.0166974481361095e-09,8.599303495780554e-07,0.03919064935880965,0.0023926902444142964,0.6486297979284926,5.757334454843578e-07,2.7256913825824836e-08,8.63971598897258e-05,5.585222462719583e-07,3.0068967517561724e-10,0.001337090144384101,0.6195042322783432,0.002204535043518094,0.937325029994858,0.029541397577117153,866
128,5,4.7497382248347187e-07,9.760681408978608e-07,5.791519178676542e-09,1.4626250017386857e-06,0.04509931746243687,0.0029090096823231244,0.6673399810187616,1.0965871206994435e-06,1.2303623472419633e-09,0.00012566859620323753,9.769527854485436e-07,2.893394877115886e-10,0.0009063348280879957,0.7255202315538561,0.0027864855451062345,0.9296630774574505,0.023335893079522697,867
128,6,7.470296912035735e-07,1.3451483774522632e-06,8.941491904216464e-09,2.11006105246427e-06,0.048434023425972784,0.003286223595609835,0.6374926336284485,1.682105043153557e-06,1.4917142392721008e-09,0.0002019673867552032,1.3465136386627782e-06,3.776714036384284e-10,0.0010149521297426745,0.7724219592466943,0.004169948570634296,0.9178047430100581,0.02220611218387215,867
128,7,8.560417719509871e-07,1.9031609063587785e-06,1.2025245752772906e-08,2.7832531698153102e-06,0.05663950953342167,0.0035818575146069833,0.6837900795366982,2.304339294288372e-06,1.495235153331497e-09,0.00027714413626963994,1.9041118348371702e-06,2.7241549713853384e-10,0.000499657425294231,0.8120073965168733,0.004893123873293845,0.912038953614446,0.014407888430357702,867
128,8,1.2117503397663498e-06,2.039926970659952e-06,1.428872809075934e-08,3.280254766607821e-06,0.0572925374172635,0.003645783230268856,0.6218806512914492,2.775912016915433e-06,1.492599113717708e-09,0.0003085612853204493,2.0411916739692744e-06,3.011083502073478e-10,0.0006199747968982372,0.8290084064849719,0.005385715125046512,0.9082409769969421,0.01663277838156098,866
128,9,1.5263110532802551e-06,2.3292639712154366e-06,1.749790093954336e-08,3.8905708263747785e-06,0.06097507610243337,0.003915927748893332,0.5986946582298407,3.356910363192805e-06,1.6236026189176527e-09,0.0003568090499341923,2.330863152971396e-06,4.2309585000761677e-10,0.0006865609805164485,0.8462188163021948,0.005851719632703384,0.9012036291797761,0.014759290459675532,867
128,10,1.689700286835194e-06,2.543122936381335e-06,1.870439587955488e-08,4.27023201497564e-06,0.06100200508733406,0.004045481352580307,0.5955467823440602,3.750753023307e-06,1.7036118066903973e-09,0.00030968332635797824,2.5446534815003505e-06,4.2800503785974894e-10,0.0006018368585802847,0.8634488477782464,0.0050766089723545535,0.9007099985360855,0.013715837169982847,867
128,11,1.8954535295611513e-06,3.23772328756477e-06,2.425252375822753e-08,5.181681864642377e-06,0.0673572455238978,0.004588814874937135,0.6248402298986425,4.607130166642412e-06,1.4810578672691142e-09,0.0003915923220975884,3.2390588506059827e-06,3.931003812054628e-10,0.00041250067488540765,0.8773989752556908,0.005813662940813913,0.8977445850168908,0.012158238517232692,867
128,12,2.366288766403213e-06,3.553247566723888e-06,2.8338736524394142e-08,5.976213806175887e-06,0.07074693149827262,0.004678639807883285,0.5945650008458402,5.382212164288851e-06,1.5331865176972174e-09,0.00046676907161202514,3.5548431103054834e-06,4.425433373635294e-10,0.0004490381127781884,0.8896611248666778,0.006597728858719787,0.8908543885073404,0.012095483221905394,867
128,13,2.7077233718759813e-06,4.325796955517418e-06,3.505409302477956e-08,7.103628513442957e-06,0.07601042600532072,0.005057314720529327,0.6089559648750281,6.420314533147293e-06,1.6328719716616597e-09,0.0005026743848129501,4.327454473362498e-06,4.410337977292872e-10,0.00038317051450276196,0.8942140548326769,0.0066132294111568716,0.8871703147678459,0.011663219650099466,867
128,14,3.2598662898974665e-06,4.238577599479667e-06,3.776143948952575e-08,7.573966768356187e-06,0.06779932969268418,0.004725863691315353,0.5596245308585617,6.828464984677583e-06,1.7725630654583538e-09,0.00043984008671133136,4.240530225373374e-06,5.9712029512001e-10,0.000460679519928231,0.8908448150140336,0.006487381050889533,0.8943431586907561,0.012615928521353277,867
128,15,3.25847569501189e-06,4.803764731790661e-06,4.1866590003193726e-08,8.145973606808936e-06,0.07679697677262848,0.005038932430859933,0.5897103236101037,7.365582355384403e-06,2.298641223845121e-09,0.0005767290932898579,4.80600631595757e-06,5.279219546812119e-10,0.00046663071404706713,0.8938680666455345,0.007509789024604056,0.8869962307915338,0.01097590815122501,867
128,16,3.935693721321248e-06,5.813351584168772e-06,5.486593335027353e-08,9.858777172190568e-06,0.0816845875321044,0.005307911912466283,0.5896625395456703,8.986667105270045e-06,1.9213293906153893e-09,0.0007405470847690783,5.815698492619264e-06,5.006124184826028e-10,0.00040371004858608117,0.9023780735316232,0.009065934065934065,0.8790698940092793,0.0106773204459512,867
128,17,4.439048896014923e-06,5.4472253540985595e-06,4.807122259189352e-08,9.982416695297271e-06,0.0792935180811303,0.004978126980243475,0.5456820247410383,9.090267340424886e-06,2.0675969239141633e-09,0.0006721025814798151,5.4500184948712774e-06,5.426490928159735e-10,0.0005127639469910683,0.9004397014625759,0.008476135221950218,0.8791865357643759,0.010969415268082885,867
128,18,4.491940803127817e-06,5.564296954307088e-06,5.356472264165788e-08,1.016336720271822e-05,0.0841766406764561,0.005007139183995456,0.547485576711122,9.307848652478159e-06,2.0674686773688315e-09,0.0008606054757846714,5.567031282699234e-06,4.978020549275952e-10,0.0004914059070892929,0.9063928568938293,0.010223804001546235,0.8733965274024074,0.010874125244616858,867
128,19,7.160984809021008e-06,8.538793284629368e-06,8.36833071464756e-08,1.586714470794333e-05,0.09052963703094477,0.005457792704126706,0.5381430271039704,1.4501589332000312e-05,2.488997915166627e-09,0.0010300336724515362,8.543374560308558e-06,5.910500885549838e-10,0.0005365249545783435,0.9051039039863925,0.011377861507380736,0.8651368957241514,0.011035184511314694,867
128,20,8.04065665491598e-06,8.364133828232108e-06,7.53947794992644e-08,1.655558004214662e-05,0.08881067016145049,0.005492103031462594,0.5052153900339937,1.5170678720270001e-05,2.4800050343255094e-09,0.0011949737049682856,8.368533924693141e-06,6.414038595446554e-10,0.0005260671997118216,0.907583394364128,0.013455294310874152,0.8624209530448638,0.012976962849787024,867
128,21,8.903972722304813e-06,9.75104300981427e-06,9.862170491858222e-08,1.8852259141956247e-05,0.09583015889223133,0.006212649065260084,0.517234721652698,1.7431734270439823e-05,2.7256501729369405e-09,0.001524853770001784,9.75525863680374e-06,6.928244499583462e-10,0.0004323257507148348,0.9175011437166629,0.015912044680178438,0.8515418400901419,0.011882318500268574,867
128,22,2.7958437408703315e-05,1.2106293673968175e-05,7.454157515238499e-08,4.021381423297626e-05,0.09613310997236413,0.0070563450363300825,0.30104813246092765,4.399381301019498e-05,1.465423512634862e-08,0.0016527664482800795,1.2117308712682107e-05,8.787467030195102e-10,0.000909860524663797,1.0891346288003494,0.01719247872824679,0.8464433614752785,0.1290417348669053,867
128,23,1.4395533894892433e-05,1.4522508973556516e-05,1.9882652214620545e-08,2.8957808172878175e-05,0.10545390487111676,0.007716750093484213,0.5015058075824353,2.7185604794806106e-05,4.1009277721831005e-09,0.002245204116095342,1.4524870143587365e-05,7.583428668839797e-10,0.00016258692180182166,0.9343953570473934,0.021290858018386104,0.8363217770956267,0.04703894855296447,867
128,24,1.4191579614042643e-05,1.5131650235703856e-05,3.149958453904203e-08,2.9386229018824578e-05,0.10929689542465326,0.007577896814271709,0.5149231711905139,2.7439601065747406e-05,2.4924688121578425e-09,0.002413510271724678,1.5135628415073049e-05,8.906145050873664e-10,0.000262904528404162,0.9291488339035283,0.02208214846677412,0.8293800081827344,0.015660204570252825,867
128,25,1.814904353393548e-05,1.7831252490026543e-05,8.669552377077464e-08,3.615368707150358e-05,0.11399712533086186,0.00815027356930427,0.49320702629196517,3.4072027219575574e-05,3.511745861281445e-09,0.0026816780796940867,1.783567135388687e-05,1.0705864866523773e-09,0.0002478156743503934,0.9382588301913012,0.02352408511978582,0.8244847209602602,0.019132737006526415,867
128,26,2.2281367686391244e-05,1.6900087832162266e-05,1.6444991012886657e-07,3.951035533881123e-05,0.10023416996453229,0.007702451196016164,0.42773818881758374,3.682026212178705e-05,4.008179518036306e-09,0.002210420843931946,1.690550741121107e-05,1.1126470700481356e-09,0.0003206834841702477,0.9274422105700689,0.022052567948775352,0.8350152955136789,0.018408644333083472,867
128,27,1.8518781881610212e-05,1.677691732380881e-05,1.1137909452376706e-07,3.551845739446656e-05,0.10264992431833202,0.0077127299831167544,0.472343636365877,3.317868774351824e-05,2.751843339677624e-09,0.0021655392024307898,1.678340437896023e-05,1.1771882264359713e-09,0.0003866655015469789,0.9284278498904995,0.02109635459364923,0.8380519383724273,0.014638542051747448,867
128,28,2.1887179725365127e-05,1.929525413851935e-05,8.612975250965537e-08,4.1354693368903794e-05,0.10536189750603939,0.007839603375092357,0.4665795479704416,3.882375550443653e-05,2.6631886607749396e-09,0.0024314629283251404,1.9302037082747855e-05,1.0733364589258953e-09,0.00035153432962387043,0.9334700127614517,0.023077250750782728,0.8316252132995501,0.017248353178923845,867
128,29,2.125919538198612e-05,1.6439777963775475e-05,2.2661181594551757e-08,3.77442957089507e-05,0.09762542455227757,0.006923922714008962,0.4355566226627708,3.552291498965279e-05,2.8267938336564496e-09,0.0021554408330930297,1.6447936760897453e-05,1.2052765409012316e-09,0.0004962838999380548,0.9346501515153419,0.022078683324330228,0.8382523924514802,0.015053929142875424,867
128,30,2.198618586591277e-05,1.581282558774177e-05,5.217485454587638e-08,3.79033611627463e-05,0.09974496007216968,0.0067541086017193575,0.41718795121746527,3.558252153933011e-05,2.701250631847325e-09,0.0021823698179937235,1.58210345349248e-05,1.1642189462253408e-09,0.0005191322156485878,0.9327870177613141,0.0218794996400288,0.83730784391013,0.01862867837643505,867
128,31,2.8627664875079684e-05,2.0141989693339433e-05,-1.2758385085872774e-07,4.851448686670167e-05,0.11385238203702062,0.006846967962723201,0.4151747445805525,4.543463197600141e-05,3.2279395326192336e-09,0.0028757911791865874,2.015370204682084e-05,1.1291485782703923e-09,0.0005814893989981584,0.9306657789090791,0.025258946082054614,0.8226152657336653,0.019355749760067372,867
128,32,4.599711778526284e-05,2.1165973268577606e-05,-3.5350316873318763e-07,6.645608471637407e-05,0.11512253249150334,0.007155388380600829,0.31849564052578827,6.132825290894173e-05,5.751011060782541e-09,0.0031304944947056494,2.117926410416623e-05,1.2464640107428102e-09,0.0006279340628456698,0.9183127665318181,0.02719271741990819,0.8145906669427555,0.06981129711966612,867
128,33,4.028364541297438e-05,2.570492585965876e-05,-6.750860258720521e-07,6.4638399220889e-05,0.11700195122936426,0.00828729083164157,0.3976726863519197,6.0059419440094536e-05,3.6124097670049584e-09,0.0034805712984146684,2.571771234476554e-05,1.6745590415636047e-09,0.0004974332614919863,0.9246010734246466,0.02974797652384058,0.8098736300706971,0.06128615647724773,867
128,34,0.0001461689795997104,5.802261363604336e-05,-8.024645971503874e-07,0.00020258666404145305,0.11020574866505167,0.012442189983189507,0.28640885080259204,0.0001825085892447265,2.1482761455264203e-08,0.0035692125403794517,5.8040292083084024e-05,2.501709998850009e-09,0.0003046820184895438,0.8991416885988143,0.032386809069528295,0.8071293719223808,0.563324635130342,866
128,35,4.33250236920991e-05,3.360652969971996e-05,-4.547013901593035e-07,7.602215061150043e-05,0.11389389755540918,0.009305334209903742,0.4420623387972933,7.133251058246957e-05,3.0085213910604865e-09,0.004006808545015725,3.361853543192608e-05,1.9186729815950573e-09,0.00035724403303150076,0.9338291640932661,0.035180186392922586,0.7991934427456631,0.021225970085966526,867
128,36,5.7575387274482174e-05,3.3208158712482384e-05,-7.31249430806368e-07,8.93210471253518e-05,0.11028877970182882,0.00905953449673054,0.37178425221413447,8.393736539494029e-05,3.6093584821961764e-09,0.00372517624459597,3.322600225150469e-05,2.515690126157478e-09,0.0005373239503219107,0.9350930483215446,0.033776565981300806,0.8021927953778742,0.030364157512702526,867
128,37,6.276736415873782e-05,4.1432462904416546e-05,-5.467142031886325e-07,0.00010310639865677706,0.11022482336268967,0.009985420042774099,0.40184182014093883,9.643745828323833e-05,4.545038220581055e-09,0.0036017517304677902,4.145170601943713e-05,3.2925611617053005e-09,0.0004644453568927176,0.9305523382621187,0.03267641190602223,0.8081312202667601,0.07220979848968563,867
128,38,8.538529476981917e-05,4.404721610026912e-05,-1.7462269421948232e-07,0.00012908326548164936,0.08404760595714028,0.009448914546933038,0.34123103359614754,0.00012114412948841431,6.4953124523200124e-09,0.002153196751017972,4.408600177533588e-05,5.9685055326764846e-09,0.0008805477054092403,0.9306691426207402,0.025618775532000107,0.8371204789739223,0.024983789934343543,867
128,39,8.26673245763675e-05,5.38134947185671e-05,1.5969582769757982e-07,0.00013680021095032976,0.0910042603898195,0.010075700835892105,0.39337289281012894,0.0001286509054532407,6.649098830713351e-09,0.002045480811415197,5.386243433765664e-05,6.6351041211104884e-09,0.0009094302339123228,0.9311708367986591,0.02247675880945923,0.841737214565397,0.02365798779667661,867
128,40,0.00011746541451784434,7.744910812338253e-05,1.504530261976246e-08,0.00019494461324646637,0.09234285534759148,0.011109220622780223,0.39728775693568136,0.000184348693933466,6.277464040581704e-09,0.002089240411878824,7.75161499840617e-05,9.006488340675748e-09,0.0008656246960567771,0.937195614508531,0.022624819256613082,0.8428588263021447,0.036469433647209,867
128,41,0.0001479927652343602,8.983822416707308e-05,-4.316376695563401e-07,0.00023696771406232057,0.07925312460377926,0.010928923164049626,0.37911588303310534,0.00022314792352759477,7.989734546194451e-09,0.0018053640293840107,8.994738639361891e-05,1.588657649780968e-08,0.0012150977777880545,0.9300325071539635,0.022779720527232313,0.8488123026225457,0.037389146007867205,867
128,42,0.0002747700863406079,0.00012495542061606086,-2.2792898627795225e-06,0.0003951669272311098,0.07335567691052733,0.012004484550236562,0.3162092068068789,0.0003706891746718325,9.587754099913257e-09,0.0016404239968672615,0.00012508900893054589,1.9868800063671427e-08,0.0010690877900807472,0.9280945056891474,0.02236260458571057,0.8528857426947449,0.10114129856574373,867
128,43,0.000338893324584358,0.00017118177417156468,-3.990209526957554e-06,0.0005020946797020075,0.07348807775295574,0.013244714081805447,0.3409352480555278,0.000474066256352261,1.06070320133675e-08,0.0018109742345716552,0.00017137430956869022,2.9588258302998885e-08,0.0011247423860238914,0.9331910788027704,0.02464310252691045,0.8462671833330878,0.0556852816153812,867
128,44,0.0003865114835456635,0.00024121216817133169,-1.926984654074429e-06,0.0006238696824088464,0.07831285421433004,0.014924597073743844,0.3866387083276405,0.0005845221390971785,1.3867890233626006e-08,0.002414632312762207,0.0002414869021992194,3.579699425878218e-08,0.0011389725069448353,0.9234335583631252,0.030833154237409555,0.8307103825136612,0.04301322977260482,867
128,45,0.0004125262151453279,0.0002570374564455829,1.5832330681795429e-06,0.0006727301377272701,0.08119986580389191,0.01478723504648912,0.38208107832651883,0.0006316879870877622,1.364875378530692e-08,0.00189849343549891,0.0002573517343676602,3.6693187580701416e-08,0.0012226930908176836,0.9250797543998667,0.02338049966836171,0.8462187801479258,0.020499631694737147,867
128,46,0.0005819191427482977,0.0003123863948410047,-7.151903421046474e-06,0.0008800017307472096,0.08289190368848551,0.015493180351733147,0.3549838414246723,0.0008216090731740782,1.5052638175950934e-08,0.0019287885435121904,0.00031279135168275674,6.200019016727551e-08,0.0012963331580371218,0.9216539695328078,0.023268720558774162,0.8470250124668643,0.03332648736344151,867
128,47,0.0006656395137844551,0.0003789581020480638,2.1000965432842963e-06,0.0010487978089190875,0.08234659174424645,0.01657906555024462,0.36132617633767344,0.0009844654059456518,2.5380144331714205e-08,0.0016033966426288076,0.00037944443686443156,6.986967435345001e-08,0.0012833471925772777,0.926118334781554,0.019471317618204115,0.847370312687193,0.017186608211446682,867
128,48,0.002208029959751956,0.0009555443113549205,3.216528573509724e-05,0.0032279048425770712,0.05481170468328709,0.02524793550881793,0.2960261711407948,0.0029151592178446083,1.1347585294711993e-07,0.0007708421927823589,0.000960799148165774,1.2179785623013912e-06,0.005499312536749068,0.8712976631420517,0.01406345957011259,0.8776455426005356,0.05568336022572958,867
256,1,6.743228403322856e-09,1.8905986036672304e-08,4.817880775802039e-11,2.5745572055511204e-08,0.016730753910593525,0.0008337067993624443,0.7343393262308658,6.781170711965496e-11,4.192000670707209e-10,5.610205187644533e-06,1.903043597204742e-08,7.642843074241417e-11,0.00658256782448241,0.002134053048003553,0.0003353229159680773,0.9668812013944758,0.08459697124139286,854
256,2,5.694459969079819e-07,1.3486493232502663e-07,4.986151250753569e-10,7.053081594831593e-07,0.03300820324202537,0.00166293847042643,0.19121419554234834,6.235657591018369e-08,1.2782705926576489e-08,2.5806943863164852e-05,1.351212378873542e-07,1.0917243087285029e-10,0.00190046113477349,0.0762596427854862,0.0007818342511387587,0.9529567609795863,0.048630786923138034,866
256,3,1.7606337996232625e-06,2.7976764733231613e-07,2.3070258229335605e-09,2.045015498601446e-06,0.035791987056134594,0.001851169471016698,0.13680465870485817,4.51582444660588e-07,1.1889034229278809e-07,4.375960046362736e-05,2.804399515869875e-07,2.8253071372458535e-10,0.0024030807746429073,0.16709948542607275,0.0012226088592118874,0.9432668524374589,0.04665689640502364,867
256,4,8.175159090017666e-06,5.968022253570658e-07,3.507013554448508e-09,8.778975342483629e-06,0.042316655689365185,0.0024807882682467497,0.06798085221506346,1.5020251160547914e-06,1.7682589102849449e-09,0.0001189363499780641,5.975544288516656e-07,2.834312188333634e-10,0.0012603898957477266,0.14950880429629745,0.0028106273532375243,0.9336065573770492,0.030069633596602034,866
256,5,5.126151305926447e-07,1.0167494351339983e-06,6.353830901176725e-09,1.542072227528996e-06,0.047503851405861316,0.0029745606979811544,0.659339696924073,1.0990067601591223e-06,1.2379427617762106e-09,0.00016494003251674928,1.0176894737763746e-06,2.8564137184846454e-10,0.0009245529034913602,0.6907622903474463,0.003472140208328413,0.9250541380284343,0.02233497915110398,867
256,6,7.928005032780219e-07,1.4075349087904794e-06,9.690974773754111e-09,2.2197173616160092e-06,0.05134235379524771,0.003370202641653175,0.6341054645649837,1.665705508206188e-06,1.4139995502721663e-09,0.00019299105845497192,1.4089566721630326e-06,3.728150202173762e-10,0.0010101087821507981,0.7282063822874199,0.0037589055465710912,0.9167446822407525,0.02229417878913309,867
256,7,8.894937712726895e-07,1.970216389959174e-06,1.3014909855299354e-08,2.8857399809424617e-06,0.05893408345516829,0.00365940525315791,0.6827421746139843,2.2639604183301286e-06,1.462117473960964e-09,0.0002591914796691774,1.9711715108201914e-06,2.6363075822361947e-10,0.00048477967490523355,0.770247337003656,0.004397989490518619,0.9096457476449515,0.015894435376969128,867
256,8,1.2537476207850855e-06,2.040652391239707e-06,1.512155147720685e-08,3.3246431149792067e-06,0.05838989355196677,0.0036648088070371644,0.6137959235520742,2.6997596120016454e-06,1.7396393492833032e-09,0.00031417149050809386,2.0419314844533326e-06,2.9395737204072137e-10,0.0006268060249343677,0.795930539692244,0.005380579949653145,0.9020619541745495,0.01603815543250413,867
256,9,1.574790129644731e-06,2.3535714450522533e-06,1.866759575682246e-08,3.965696766210629e-06,0.06199164528243456,0.003948518039218487,0.5934824530976882,3.3052402839056796e-06,1.6477992217183173e-09,0.0003590531320092501,2.355239460375956e-06,4.1897795176532296e-10,0.0007087166727863803,0.8178175728999242,0.005791960035475756,0.8977399503364882,0.01564887752957896,867
256,10,1.7247351378473532e-06,2.5635249832690704e-06,1.9980713586288783e-08,4.328221548289001e-06,0.06220371103852752,0.004073602866297005,0.5922813688413116,3.6950970421655887e-06,1.579305210558555e-09,0.0003455886395589032,2.565026320020193e-06,4.209924964763324e-10,0.0005856532551549165,0.8393937745559802,0.0055557559796529455,0.9020159988521003,0.01373877662331692,867
256,11,1.9203249862429187e-06,3.234793850174662e-06,2.5013241693085438e-08,5.205145319803748e-06,0.06815613874261837,0.004600996449521566,0.62146081452662,4.506782207319925e-06,1.5624299440879263e-09,0.00043871804567380246,3.236211913455379e-06,3.870571298161156e-10,0.0004383782541939052,0.8545141978693123,0.006436955698599015,0.8934138004350457,0.011513415716604324,867
256,12,2.3854059503026273e-06,3.5677296913749616e-06,2.981220423162813e-08,6.012760050140847e-06,0.07131244018118718,0.004702455812116904,0.5933597319073773,5.279841734168464e-06,1.602065572202349e-09,0.00042300947114839776,3.5693867917059165e-06,4.319499546130602e-10,0.0004644691370427889,0.8675277515820772,0.005931776700862232,0.8897160015013137,0.012252530376465273,867
256,13,2.7842042041490502e-06,4.304982941725803e-06,3.518926169069577e-08,7.1595656692562435e-06,0.07641660486090618,0.005062748511775953,0.6012910755483045,6.28787353002141e-06,1.6033121232487294e-09,0.0005082845900005947,4.3065735458275195e-06,4.296494227610425e-10,0.0003694797687348039,0.8690433355547469,0.006651494016592028,0.8862880644032202,0.010889098747514607,867
256,14,3.3450801099546744e-06,4.257798795408025e-06,3.719715987006539e-08,7.677273225102834e-06,0.06846806615105142,0.00474827201273697,0.5545977941082062,6.8202952127515695e-06,1.8325307644400919e-09,0.0005015523437754213,4.259752383613009e-06,5.934845713081628e-10,0.0004588258625772834,0.8779956993607442,0.007325347011684502,0.8933183696041118,0.011651903320530546,867
256,15,3.2819175052776944e-06,4.843180667424922e-06,4.244133654047841e-08,8.209980845783573e-06,0.07740400097393162,0.005065699392987832,0.5899137596541715,7.270764825585501e-06,1.9819592072613965e-09,0.0006272209399786588,4.845418463458106e-06,5.202189044777152e-10,0.00046205090969153595,0.8755203410942921,0.008103210842936871,0.8850703577537263,0.01050880599532606,867
256,16,3.948502020505601e-06,5.8703702420902285e-06,5.463523471659955e-08,9.92814273202903e-06,0.08272808569700628,0.005343956711818395,0.5912858427339,8.859831399126676e-06,1.976452946516254e-09,0.0007484013720317807,5.8727206154715615e-06,4.836700465045177e-10,0.00040037907055356925,0.8834714360263658,0.009046521090465212,0.876947877485223,0.009688421798447703,867
256,17,4.398879710826013e-06,5.444847507297056e-06,4.835271835929933e-08,9.940432654841666e-06,0.07937991524102002,0.004995438721844073,0.5477475373916492,8.887931637527642e-06,2.135083740663178e-09,0.0006855670739301619,5.447628725078842e-06,5.256769738332258e-10,0.0005107981037226761,0.8842404640716306,0.008636530687247335,0.8813996161981202,0.011376380091693923,867
256,18,4.46990387620293e-06,5.553416028029704e-06,5.552196923994686e-08,1.0134363842712526e-05,0.08463779954288048,0.005017305301756711,0.5479787497488641,9.1212976628742e-06,2.092730347223242e-09,0.0008897785427604229,5.556131849799033e-06,4.888161341124207e-10,0.0004890362536538184,0.8908531854233404,0.010512779722133842,0.8736384013422643,0.009497661542446122,867
256,19,7.016549194804218e-06,8.413698342958673e-06,7.870104391575067e-08,1.5587649625594398e-05,0.09001237611264394,0.005433848211103578,0.5397669658383688,1.4067767914820214e-05,2.4536078296917886e-09,0.0009930063182130822,8.417981856228704e-06,5.833858943177801e-10,0.0005091118192530608,0.8937656314650823,0.011031886514921093,0.8658431449825115,0.011923033812800304,867
256,20,8.079558387344441e-06,8.334493884416422e-06,6.51752352950853e-08,1.6544402742351038e-05,0.08881403628456307,0.005494262110006184,0.5037651714728537,1.4728480732478199e-05,2.5379217417415868e-09,0.0011792651304428808,8.338953987402708e-06,6.23855763656338e-10,0.0005351378317794975,0.881787187970705,0.013277913939914596,0.8625231887847209,0.014583586702404115,867
256,21,8.658477022089146e-06,9.67614977205582e-06,9.72195245425329e-08,1.8529065843230033e-05,0.0961634050803774,0.006208180776129123,0.5222146574427116,1.6806794099786038e-05,2.7526022769784408e-09,0.0014799721285006279,9.680150831493734e-06,6.69515710096114e-10,0.00041349705535442816,0.9000412093129524,0.01539018015495193,0.8503668042182485,0.012267269289769253,867
256,22,3.089111725405209e-05,1.185822747115056e-05,5.385475342735377e-08,4.285705423205735e-05,0.09563716783377635,0.007000335507946271,0.2766925465045269,3.8810730722116384e-05,1.3166483161965625e-08,0.0015865660270658738,1.1870483845141768e-05,8.487833536662173e-10,0.0010335755509012223,0.9022009018025635,0.016589429225083593,0.8518058145155721,0.1249710309586083,867
256,23,1.3820597472480197e-05,1.4362116370940859e-05,3.081883689831548e-09,2.818887761080072e-05,0.10539892486027784,0.007693705180955796,0.5094958575235339,2.5996941345073237e-05,3.0282922257195292e-09,0.0021442204227177407,1.4363551384144527e-05,7.310817509368005e-10,9.991655593122317e-05,0.9177607006094194,0.02034385479320807,0.8360369716481463,0.04621965424263261,867
256,24,1.3902413536646873e-05,1.4905166732619284e-05,2.0143284507654177e-08,2.884786683828147e-05,0.10896252719546964,0.007542935450507451,0.5166817642419212,2.6561223701880745e-05,2.0221756204391395e-09,0.0023742388354111663,1.4909121408197334e-05,8.689009803776057e-10,0.000265322464954032,0.9161635265035772,0.021789498614986975,0.82925022276063,0.016220559855027367,867
256,25,1.7936868456016044e-05,1.760669401649867e-05,8.34273734101422e-08,3.5710417219335003e-05,0.11308602800838838,0.008124676519704013,0.49304083758970263,3.3255114843189435e-05,3.5545095531848975e-09,0.0025346907037778,1.7611194171801482e-05,1.0338083402319545e-09,0.0002555934293284601,0.92714302091008,0.022413827317286132,0.8262519554259449,0.027089838866827254,867
256,26,2.2098700476332836e-05,1.675503055437228e-05,1.4046476138765833e-07,3.913466055348044e-05,0.10124512893934583,0.007690511929917429,0.428137878734767,3.622189793091299e-05,4.001893538545817e-09,0.0021565628741305586,1.676030585416027e-05,1.0790485414260304e-09,0.0003148487119060128,0.9209540294710432,0.021300411157780415,0.8374912290171102,0.015174547970669267,867
256,27,2.0018267182070458e-05,1.6500027482269696e-05,1.9967491105327098e-07,3.6917644486446686e-05,0.10228974914528524,0.007661654265961539,0.4469415021407239,3.2381782747085275e-05,2.9375438322795097e-09,0.0020219179496270894,1.6506576661071346e-05,1.152207058990631e-09,0.00039691926626717056,0.8719559201712652,0.019766574525031808,0.840431341893064,0.01324980924607418,867
256,28,2.1581127363226223e-05,1.938580852991882e-05,1.2906247342594814e-07,4.122506083999693e-05,0.10602726784129403,0.007860676929330236,0.47024329703621753,3.7979615021659865e-05,2.6746887905150214e-09,0.0022956959627841427,1.939256491285367e-05,1.0530509630939429e-09,0.00034852211216396256,0.9159970499570773,0.02165193925604529,0.8341230274813564,0.014397032341531479,867
256,29,2.112406563722451e-05,1.6337821170167556e-05,6.179310537798623e-08,3.758547301814804e-05,0.09760634985463959,0.006905428698700472,0.43468446339038713,3.461737070682778e-05,2.763514807389289e-09,0.002104948986404229,1.6346100184986933e-05,1.1986403467572134e-09,0.0005067392238626844,0.9145962782860151,0.021565697206575467,0.8408648140269163,0.013053849857988253,867
256,30,2.1852895129648416e-05,1.5681664906569373e-05,5.276601312621265e-08,3.7640092062470215e-05,0.09892811419684863,0.006725890943779757,0.41662132176889866,3.46339371167043e-05,2.697928988534206e-09,0.002149830627905385,1.568985794321189e-05,1.1527926508024437e-09,0.0005224596170962936,0.9141769344302528,0.021731240359314036,0.8390748738112858,0.017066005992487136,867
256,31,2.8133832191014433e-05,2.040451030219293e-05,-9.520100607421807e-08,4.8347940481058926e-05,0.11480275079580761,0.006876520556926594,0.4220347361060131,4.4352603639725294e-05,3.3405880647749807e-09,0.0028084687169348532,2.041615286640232e-05,1.125851119049918e-09,0.0005705877787294256,0.911617313187311,0.024463427029985534,0.8214383892770136,0.022439989879762253,867
256,32,4.7760022582342446e-05,2.1263688522670975e-05,-3.246408993699594e-07,6.83744293062735e-05,0.11583278446825915,0.007159211940742226,0.31098889948204644,6.227480010511356e-05,5.327205756965607e-09,0.0031372267409308227,2.1277001901814985e-05,1.2403574260784209e-09,0.0006261086419609985,0.9062720980945986,0.027084100199546657,0.8150116986429574,0.06680286418818865,867
256,33,3.921390995980824e-05,2.5257256590249775e-05,-4.017748438911877e-07,6.366761686227563e-05,0.11667094912329323,0.008220395183294397,0.39670491585833517,5.916943250611563e-05,3.975084509004783e-09,0.003373977399849422,2.5270017047232814e-05,1.6756230790612808e-09,0.0005052194381223174,0.9247706593962587,0.02891874477067926,0.8090559748136488,0.04862019767914922,867
256,34,0.0001459421656395244,5.759236702248346e-05,-8.428491910317586e-07,0.00020184883427994436,0.11000714740140906,0.012395449671218776,0.2853242488515368,0.00019549739199170452,1.578620993174944e-08,0.0034772051753020816,5.758213351064925e-05,2.4101641750444924e-09,-0.00017768868277645566,0.9666370217480293,0.031608902307174475,0.8087368678231126,0.5593898881344894,867
256,35,4.297291724139289e-05,3.349143672377491e-05,-4.555189228423282e-07,7.555331611948314e-05,0.1131410080192273,0.009294811911281434,0.4432821541652806,7.051928149278924e-05,3.1457532235543505e-09,0.003876651784662372,3.3503711998770435e-05,1.883696533980063e-09,0.00036651980913116056,0.9288705696213768,0.03426389646452124,0.8017987410699962,0.022447632052398993,867
256,36,5.6495096997530356e-05,3.30980507436559e-05,-7.16785883414177e-07,8.81595759743579e-05,0.11038078706690618,0.009059855295259583,0.3754334158013964,8.170236389608649e-05,3.5439426154925346e-09,0.0036241925512183683,3.3115493962587065e-05,2.4582942837477885e-09,0.0005270165021578066,0.9221870018833432,0.03283354510800508,0.8055887525383547,0.03040002446351121,867
256,37,6.284974288128158e-05,4.095759389402493e-05,-4.380824167701557e-07,0.00010293117194176618,0.11045596381642062,0.009943508021528798,0.3979124411135325,9.579157488129717e-05,4.6774178258051535e-09,0.003494035790865015,4.097626977331061e-05,3.2154030327577084e-09,0.0004559808697259804,0.925929999516322,0.03163283964161638,0.8082115829815381,0.07137262405790926,867
256,38,8.405974664675875e-05,4.336438696838539e-05,4.448417081904093e-08,0.00012751310195678226,0.08352361279261428,0.009390631021552995,0.3400778924120502,0.00011810787542975061,6.468984521351378e-09,0.002086996329803766,4.3403376587208335e-05,5.807223982202087e-09,0.0008991161076801202,0.9184744071619607,0.02498690202716318,0.8391315652626105,0.021742589480755217,867
256,39,8.16499373331316e-05,5.276263070995131e-05,2.5712646779352966e-07,0.00013492682097866995,0.0912567196232635,0.009996123255055028,0.3910462747676561,0.0001249727961647141,6.614381035132588e-09,0.002008453457176743,5.2813221049689116e-05,6.5453286731770885e-09,0.0009588289866726551,0.9169875992968656,0.02200882812211826,0.8445709229610321,0.018595339130761848,867
256,40,0.00011561904310574309,7.717414279155936e-05,4.184920023633439e-07,0.0001936301699020292,0.09242925250748121,0.01109471893492712,0.3985646597873,0.00017793210015343018,6.633053176873887e-09,0.002078020001503535,7.723828327456381e-05,8.93924118187926e-09,0.0008311136435643629,0.9106985042904782,0.0224822763911819,0.8413488180156812,0.03201077500165229,867
256,41,0.00014865058432629428,9.076197930448055e-05,-5.178997310285186e-07,0.00023837676416871788,0.07995888841638495,0.010977458004760987,0.38075011052772406,0.00022083627466071697,7.323662904475014e-09,0.0018446354656975225,9.086528788982032e-05,1.584356644970772e-08,0.0011382363642953308,0.9149791671906633,0.02306979877073335,0.8474885347631425,0.03383088111245425,867
256,42,0.0002767131348838222,0.00012642272047824662,-1.8858460143582262e-06,0.0003993641633333523,0.0736417973750972,0.012068056523420948,0.31656000233731696,0.00036048555456243456,1.0350720722271246e-08,0.0016516444072425505,0.00012655395643018053,1.9418513095084822e-08,0.0010380725192231655,0.8931219967438856,0.02242808386153096,0.8502755166861178,0.09578566343824231,867
256,43,0.0003435631636835802,0.00017495446669493517,-4.071306916818155e-06,0.0005103750165448792,0.07422525871461223,0.013366084359915171,0.3427959069770626,0.00046974578196446923,1.0059527301701135e-08,0.0018244387270220021,0.00017515422154354993,2.905561246234799e-08,0.0011417533509623379,0.9097662750745287,0.02457975571411295,0.8484507946700915,0.05559442951011845,867
256,44,0.00038615191039851644,0.00024148730148787712,-1.0725056328955031e-06,0.0006254942006206027,0.07918243601841493,0.01489955747291843,0.3860744052435311,0.0005765017342398307,1.3150519639333466e-08,0.0023327233170225966,0.0002417737114399499,3.50393848218821e-08,0.001186024897823268,0.9083702757825728,0.02946011052855321,0.8311096075778078,0.03796969683209944,867
256,45,0.0004219022074799244,0.00026236330499067697,1.437041535178345e-06,0.0006871395955409578,0.08204812882826376,0.014893865768248969,0.3818195119204689,0.0006322968480557725,1.3271100560073783e-08,0.0019310326255872483,0.00026268951411899914,3.6768550178890273e-08,0.0012433489063334857,0.9066702733838012,0.023535364586182377,0.8433912236510672,0.021117784669409605,867
256,46,0.0005820350974055698,0.00031181101166064554,-2.1629486929149253e-06,0.0008895202116803855,0.08342487318131174,0.015434485509197265,0.35053842236097804,0.0008117856097824104,1.4080293437052456e-08,0.001920934256249488,0.0003122178145155001,6.213506264379289e-08,0.0013046455694043502,0.9009054954879215,0.02302591760702613,0.8466327329678935,0.021417575316126206,867
256,47,0.0006741466826440301,0.0003860468532473493,2.232866385010848e-06,0.0010646592686614012,0.08370201731758137,0.016676503992349174,0.3626013172577993,0.0009784546849521726,3.736738358070664e-08,0.0016258374633793856,0.0003865625221522129,7.186690265479872e-08,0.0013357676679033315,0.9067117752410118,0.01942411324700394,0.8458786528633206,0.014879813301458619,867
256,48,0.0028961945266348043,0.0009645444112890025,2.122829815254452e-05,0.003903195534228896,0.05579910079631253,0.025258183725951986,0.24711660044455222,0.0029375637714515956,1.851934695529723e-07,0.0007652319875947142,0.0009700876808354244,1.2558673005014106e-06,0.005747034020977759,0.7310046418518429,0.013714055901870097,0.8752301570017225,0.03528242359203075,867
512,1,2.5312242006666968e-09,1.3155021602778878e-08,1.6424074511412245e-11,1.5719093952468396e-08,0.010929801746569079,0.0006929165418339591,0.836881670314918,7.426923214362353e-11,3.9185754029363307e-10,0.0,1.3268019073911587e-08,8.155017222824238e-11,0.008589683433802842,0.0035797261751761515,0.0,0.9810081100503029,0.09602781600419026,835
512,2,1.3880745410520926e-07,1.1897679133504039e-07,3.5504667691293887e-10,2.5849433879407554e-07,0.028441496219282724,0.001561171086476407,0.4602684603852038,5.2352335713395774e-08,5.991467680197827e-09,3.2539190088338294e-05,1.1947894764274184e-07,2.466110037980361e-10,0.004220624056731959,0.1416291032953013,0.0011440744831939405,0.9587815738660992,0.0565304408301312,865
512,3,1.2069728127795734e-06,2.5721740914791376e-07,1.177923506975241e-09,1.466546068941438e-06,0.032103838165777075,0.001777368785517495,0.17538992780061444,5.128304560217901e-07,5.885785646709557e-08,3.4783272163396104e-05,2.578117621709789e-07,2.476421015783187e-10,0.0023107029381643773,0.29685675694715535,0.0010834614846917377,0.9495548961424333,0.060781085239104776,867
512,4,3.4524132822980775e-07,5.522305769140465e-07,2.9743957817214557e-09,9.034206967072974e-07,0.03910649628099498,0.0023909009397236644,0.6112662449806214,5.573577677577567e-07,3.265700162624307e-08,8.190899573961018e-05,5.529555038573891e-07,2.8947681259504924e-10,0.0013127251073157264,0.5843654000336519,0.002094511232892434,0.9361239155953847,0.029976368402523428,867
512,5,4.665766842694497e-07,9.657318124310628e-07,6.031731297448953e-09,1.4443719592954103e-06,0.04533270199824288,0.0029012703731976924,0.668617115013894,1.0785990048419443e-06,1.2775375756148537e-09,0.00010547185752771722,9.66627211249785e-07,2.8597229880728947e-10,0.0009271712986944625,0.72226404754223,0.0023266174941834563,0.9309808376135915,0.02506217235514715,867
512,6,7.271549889647795e-07,1.3284301104624802e-06,9.004657398379143e-09,2.073594414224018e-06,0.048768391655156396,0.0032808975735385687,0.6406412465957603,1.6232834537923328e-06,1.488674152087865e-09,0.00019186901741744303,1.3298196753242176e-06,3.7070888536151086e-10,0.0010460202992941259,0.7581202825557127,0.003934290447266704,0.9203620946487912,0.022423296074225482,867
512,7,8.263177598920531e-07,1.8991639429367206e-06,1.199974846599163e-08,2.7494811997607573e-06,0.05705466471730737,0.0035956928309339095,0.6907353805881539,2.2480010427144385e-06,1.4170901410366353e-09,0.00022889637165589695,1.9001320517039472e-06,2.6657189686804085e-10,0.0005097552377335557,0.8018057652174818,0.0040118783063580405,0.9132487170446978,0.016008996066852837,867
512,8,1.1841902228200163e-06,2.0004115959091655e-06,1.43050186236546e-08,3.2132118559764904e-06,0.05668887933907295,0.003624635557352038,0.6225582643075501,2.7147519483614476e-06,1.6224301590618982e-09,0.0003074392442829204,2.001671637544972e-06,3.009183632682867e-10,0.0006298911875850521,0.8272716462087686,0.005423272568929003,0.9046887917798512,0.015983549637307547,867
512,9,1.4803300388868928e-06,2.293683364231708e-06,1.7561296841128187e-08,3.8091359968008576e-06,0.06063621970909964,0.0038970991893185186,0.6021531828105066,3.2842638729671366e-06,1.7449925408722247e-09,0.000372517624459597,2.295271049290301e-06,4.2496253353881395e-10,0.000692198881219408,0.8453190374196268,0.006143483651301789,0.9015317286652079,0.013869945456337329,867
512,10,1.6442017318908935e-06,2.5378443356457145e-06,1.8863272763207293e-08,4.219772613063023e-06,0.06047913396384559,0.004047023283617155,0.6014173199260514,3.670889421961697e-06,1.5887968587601495e-09,0.0003287580239959696,2.539363041884219e-06,4.2060693871618914e-10,0.0005984237162117712,0.8549515315502825,0.005435891727426207,0.9018949388342529,0.013704210943262818,867
512,11,1.8513675452994942e-06,3.1967741275611452e-06,2.373336494173682e-08,5.095608402744112e-06,0.06700268055603865,0.004565041095306391,0.6273586733705052,4.51978109777257e-06,1.5289341335799517e-09,0.0003871041579474728,3.1981009613085495e-06,3.9113236465190845e-10,0.0004150539557876698,0.8750524187152071,0.005777442853554384,0.8948708984667633,0.011883805131820779,867
512,12,2.2988277446016617e-06,3.4985595470930713e-06,2.7970992552204658e-08,5.853329276799144e-06,0.06981675947816116,0.00464894464060892,0.5977042092882628,5.2577925127331754e-06,1.647992001433975e-09,0.0004297417173735712,3.5000663500186193e-06,4.3133330216138625e-10,0.00043069237646675695,0.8871175696429588,0.00615528020185462,0.8948284673864435,0.011540634857919901,867
512,13,2.627810945733859e-06,4.25653291800593e-06,3.451203940956643e-08,6.953367942558923e-06,0.07541574425543039,0.005029185730174133,0.6121541320937887,6.295852386351477e-06,1.596095974730126e-09,0.0004959421385877768,4.258139137542263e-06,4.291538699543535e-10,0.00037735395620641654,0.8956106252833871,0.00657610878847842,0.8872438199092749,0.01094964868255844,867
512,14,3.1972062655673065e-06,4.183802141240658e-06,3.728208325388133e-08,7.455572573315728e-06,0.06730114347202135,0.004696541779485323,0.5611644310478476,6.772911780172394e-06,1.7172874457495256e-09,0.0004263755942609845,4.185886706844577e-06,6.041866569590484e-10,0.0004982466984686518,0.8973832813122754,0.006335339524182658,0.8957881312420293,0.012276340547673126,867
512,15,3.182611977713096e-06,4.708012547632107e-06,4.1247280401612614e-08,7.973119086148428e-06,0.07541686629646793,0.004993452001611637,0.5904856677496844,7.231171829881967e-06,1.8314224466925566e-09,0.0005733629701772713,4.710168604184045e-06,5.234259495205857e-10,0.00045795471658682807,0.8962768465046675,0.007602582795250989,0.8883083145138674,0.010242765878049825,867
512,16,3.7919241707224194e-06,5.765437188003946e-06,5.211394019847994e-08,9.661589239123324e-06,0.08137827032885901,0.0052979521607507485,0.5967379739823313,8.820052158503445e-06,1.7182093091436826e-09,0.000745035248919194,5.767722821454397e-06,4.876424993081988e-10,0.00039643714360582116,0.9035562310857275,0.009155211162739393,0.8775621679935545,0.009352850349501072,867
512,17,4.240305379850296e-06,5.297051357734613e-06,4.499273591215883e-08,9.627342209409221e-06,0.07765421612530057,0.004926979729895421,0.5502091067831342,8.780437390475407e-06,1.916824040659306e-09,0.0006272209399786588,5.299691848227179e-06,5.292837670939426e-10,0.0004984830831797904,0.9015447429344753,0.008077100913189226,0.8842049475026141,0.011254384107548856,867
512,18,4.299648951393294e-06,5.434614155700833e-06,5.311945890441758e-08,9.840502024902964e-06,0.0829771788073377,0.0049581386367869365,0.5522700104067528,9.06980185408247e-06,1.972469471421315e-09,0.0007831846441951768,5.4372812515339334e-06,4.904271867154451e-10,0.0004907608445952061,0.9119147407283263,0.009438554738208569,0.8756005835195867,0.010129127375719051,867
512,19,6.877719890900593e-06,8.406011052158292e-06,7.738808496218761e-08,1.543850711298326e-05,0.08915738084204691,0.005414805219097309,0.5444834134959282,1.4087254828002864e-05,2.3186900689480414e-09,0.00098515203095038,8.410568961394763e-06,5.972114047711537e-10,0.000542220228856527,0.9034252905853032,0.011049584696702745,0.8687368643593538,0.010598434450722487,867
512,20,7.73097271799362e-06,8.288247949095782e-06,7.370243907089838e-08,1.6166625545231202e-05,0.0874990041885792,0.005456545362986543,0.5126764349125803,1.4854660658220825e-05,2.2883960244575416e-09,0.0010951120526282129,8.292887320250131e-06,6.378549858419905e-10,0.000559752939685465,0.9096468678894555,0.012515708753302043,0.8647469458987783,0.014140412961055414,867
512,21,8.559832943188805e-06,9.637591836471201e-06,9.390228635889802e-08,1.8385229352377806e-05,0.09465874804905115,0.006168126860926073,0.5242029703167531,1.6963455931313333e-05,2.4966025983496666e-09,0.0014193819124740667,9.64163245971519e-06,6.843204897494646e-10,0.00041925652305585537,0.915396820146751,0.014994725175728694,0.8543439241007948,0.01072504828750609,866
512,22,2.4233950016265772e-05,1.1877858318011353e-05,4.985887434112182e-08,3.621152608295937e-05,0.09394400790814524,0.00698407839619342,0.3280131936665576,3.393481205497803e-05,1.2116691147781601e-08,0.0014620194719001654,1.1882141132998514e-05,8.77364552468799e-10,0.0003605713144991807,0.9330363399243627,0.01556266870506175,0.8499870961687351,0.13262286379767832,867
512,23,1.3420643633055399e-05,1.4312191603154481e-05,-3.7643063510588686e-08,2.7657549109188715e-05,0.1035655098049556,0.0076598801683798,0.5174786654685725,2.588960426230475e-05,3.10674455372927e-09,0.0020376265241524943,1.4313745984764006e-05,7.524109296276852e-10,0.00010860542205026746,0.9315748274027583,0.019674759753415455,0.8394984657708179,0.05362781027055026,867
512,24,1.3603271740852446e-05,1.4898779937214673e-05,5.044035078629801e-08,2.8602932379639724e-05,0.10795493434376868,0.007530301512733912,0.5208829549175871,2.6686148421648305e-05,2.0921321637801244e-09,0.0021913461462939546,1.4902672366908002e-05,8.742204080647321e-10,0.00026125828488865466,0.9282752832370931,0.02029871223223473,0.8319370295705732,0.013562016021429488,867
512,25,1.741554326613728e-05,1.743017098483032e-05,7.209904698996285e-08,3.498991234494752e-05,0.11249134625849806,0.008078522528339276,0.4981484609905633,3.2768597224615264e-05,3.3580284294955514e-09,0.0023865812868239843,1.743421987104553e-05,1.0273288141433306e-09,0.00023229182425898998,0.932316420334412,0.021215687839131823,0.830597639005037,0.025016568184191696,867
512,26,2.0101053520693922e-05,1.6688093877761308e-05,1.6988926449798615e-07,3.712892592745121e-05,0.10046194429515065,0.007663718861971153,0.44946341594608297,3.409320687972024e-05,3.741310911342896e-09,0.002079142042541064,1.6693579060500936e-05,1.0955650306695716e-09,0.00032868839184430065,0.9135784422097687,0.02069581727815938,0.8390685724860928,0.015235968020779117,867
512,27,1.774105296159512e-05,1.6223725980808784e-05,1.0320829156941654e-07,3.417119552554273e-05,0.10016796954331808,0.0075924829994064085,0.47477782767891924,3.1906085558458405e-05,2.801371429250787e-09,0.002051091016602841,1.62303304267028e-05,1.1555102946121553e-09,0.00040708564122859947,0.927812047605749,0.02047651585585787,0.8430731909871714,0.01524153184961213,867
512,28,2.1142004576751272e-05,1.9101610772735724e-05,1.046022785747886e-07,4.045281990663658e-05,0.10442499323970275,0.007794365214295628,0.4721947893081729,3.772516915253606e-05,2.6345384078201872e-09,0.0022014445156317147,1.910856416889706e-05,1.0666665426279105e-09,0.0003640214557851795,0.9271028592399474,0.021081586384002923,0.833563463670788,0.016722310252035993,867
512,29,2.050299467901788e-05,1.623346259793678e-05,4.8876558508736286e-08,3.6834210393972135e-05,0.09622175121432891,0.006878636255776307,0.44071699716938584,3.4259978735178025e-05,2.827112920744847e-09,0.0019299105845497194,1.62413793098931e-05,1.1876396670326643e-09,0.0004876785780336679,0.9234703313936339,0.02005690563925556,0.8440276182134611,0.012730396027962632,867
512,30,2.106626631246988e-05,1.5552893327005193e-05,6.54152616933274e-08,3.674999016286173e-05,0.0975951294442643,0.006692582965647819,0.4232080949703874,3.413137439058939e-05,2.4946686971309104e-09,0.00205221305764037,1.556082431099341e-05,1.166471047622215e-09,0.0005099362428240273,0.9225439441270216,0.02102782248792826,0.8415709563560984,0.01785067029938397,867
512,31,2.7950698403004894e-05,2.0205711101838177e-05,-1.1484240103059764e-07,4.792672470278188e-05,0.11280102958485604,0.00681988975424583,0.42159590973812877,4.413987538220716e-05,3.0901441515783523e-09,0.0026581152179059797,2.0217094351555435e-05,1.1497840830563132e-09,0.0005633679339414055,0.9150304235138789,0.02356463613575777,0.8241209910144676,0.02089582590248293,867
512,32,4.8028095188368684e-05,2.0896580442587567e-05,-2.2213323728545022e-07,6.848040915638535e-05,0.11350454931538666,0.0070728106718739425,0.3051468398044625,6.382548785919764e-05,5.425768754917031e-09,0.002920672820687744,2.0908527139999034e-05,1.2830970055333487e-09,0.0005717058560987809,0.9274142182068711,0.025731768799612493,0.818301803783546,0.05900586466301267,867
512,33,3.85164213009085e-05,2.5069790391353573e-05,-3.7238909744285055e-07,6.284143349737633e-05,0.11436515479117133,0.008151925686380943,0.3989372774636061,5.735747884833532e-05,3.866778160374704e-09,0.003231478188083251,2.5082284798459187e-05,1.6914153160315549e-09,0.0004983849848989585,0.9080388765475519,0.028255793418754782,0.8140469302475088,0.04975129134768852,867
512,34,0.00016055740150497337,4.977218381534962e-05,-8.668043745030687e-07,0.0002085959765713168,0.10850585649319539,0.01149236822789097,0.23860567511153807,0.00018100643231858495,1.864805143750798e-08,0.003303288814485101,4.98133540527736e-05,2.337079406738617e-09,0.0008271736192391188,0.8656113755327571,0.03044341495698213,0.811239364550485,0.49542586447295556,867
512,35,4.2585542961299104e-05,3.341332450458222e-05,-4.4997544545303256e-07,7.509891657497527e-05,0.1126641405782775,0.00925614919893193,0.4449241883699335,7.021895609264722e-05,3.273740854075793e-09,0.003774546050247242,3.342559973350739e-05,1.931725957190295e-09,0.0003673752644244299,0.930428534851014,0.03350263917936461,0.8026258413119727,0.02036816510815677,867
512,36,5.560014987203946e-05,3.325312677133184e-05,-6.731228878384426e-07,8.750703086769441e-05,0.10926211215248986,0.009053971324205237,0.3800052000576805,8.09820977969453e-05,3.4953903861644687e-09,0.003543405596516287,3.3270817862760635e-05,2.5226696906357917e-09,0.0005320128705625926,0.9207637411081454,0.03243032307091951,0.8058808529002138,0.02837107025088608,867
512,37,6.299395379401577e-05,4.145983485902144e-05,-5.912551205238164e-07,0.00010327127841198954,0.1092015219364633,0.009980987460354144,0.4014653008711864,9.508213579439498e-05,4.824596424316348e-09,0.003353780661173902,4.1480433339190305e-05,3.2623623125650334e-09,0.0004968297688332513,0.9160080064416737,0.030711849081418767,0.8107748946725991,0.08011370040628221,867
512,38,8.227963991668644e-05,4.35713507515614e-05,3.602577673525507e-08,0.00012592304222171832,0.08350341605393875,0.009398788224068354,0.3460157091411704,0.00011698457773295385,6.092584584493953e-09,0.002038748565190023,4.3608954477997405e-05,5.899048804437453e-09,0.0008630378858442977,0.9210624516089458,0.024415151637306676,0.8395475819032762,0.023184160396436622,867
512,39,7.888374217295287e-05,5.2075562939169996e-05,2.0736768627074914e-07,0.00013137404048466433,0.08946482008632983,0.009926797119442625,0.39639157589317603,0.00012290765691484325,6.1127545822188456e-09,0.0018928832303112654,5.212451259954855e-05,6.651021548807217e-09,0.000939973715420761,0.92595804928856,0.02115784985075376,0.8446503688349692,0.021147168100409397,867
512,40,0.0001114527036895772,7.699305512263657e-05,4.075794899072034e-07,0.00018926091779202818,0.09172124461280047,0.01107494672635565,0.4068090550381954,0.00017485955366979125,6.2926567361007405e-09,0.0020252840727396763,7.705682854150585e-05,8.972994873908682e-09,0.0008283009262028962,0.9153323670567742,0.022080861214753195,0.8451579184929148,0.034995209210017524,867
512,41,0.0001441423893432743,8.902864245828345e-05,-3.745813761286071e-07,0.00023242186904930053,0.0782881693115044,0.010848290832747048,0.3830476143335677,0.00021799154333093345,7.683487903328092e-09,0.0017144787053441693,8.913138060787422e-05,1.5546451107087805e-08,0.0011539898481425226,0.925910021392508,0.021899588666102934,0.8510149847647934,0.02961021721901086,867
512,42,0.00025605794788750315,0.00012262142383761743,-7.11312159977115e-07,0.0003772567474051663,0.07190936601315256,0.011859788436708579,0.3250344087442508,0.00035506794542666554,9.180023882547554e-09,0.0015932982732910473,0.00012275222977283876,2.0020643841094862e-08,0.001066746178013167,0.9306194380058699,0.022157034078142554,0.8542546268972927,0.08990861369379453,866
512,43,0.0003218738984583192,0.00016826761889962547,-2.9543025599075563e-06,0.00048423291223812973,0.07238735549513987,0.01307788446522886,0.3474931477125145,0.0004574829483576599,1.058687332856551e-08,0.001729065238832045,0.00016846290827999177,2.8993068640264885e-08,0.0011605880064351481,0.9331553797016526,0.02388628824751217,0.8492830843835124,0.05198124658559097,867
512,44,0.000370206014036338,0.0002387292772041096,-9.090520374278107e-07,0.0006071171871655922,0.07743878424609502,0.014770297656984859,0.39321778768716653,0.0005739725920628066,1.220977422258033e-08,0.0022519363623205156,0.00023901232488296087,3.591575855456119e-08,0.0011856429264403001,0.9311299213357523,0.029080213283876204,0.8362911487028988,0.03780589629169652,867
512,45,0.0004036086000986793,0.0002563982245086041,1.794222534243516e-06,0.0006635952696757702,0.08032691787669442,0.01467216735914434,0.3863774144048362,0.0006256806466330681,1.394356820411743e-08,0.001706624418081467,0.00025671809911304196,3.79012589674569e-08,0.0012475694987783559,0.9283457389840888,0.021245984075988267,0.85,0.018528611432313904,867
512,46,0.0005631558796856879,0.00030683344018320364,-1.862139547029772e-06,0.0008662650407748321,0.08137490420574642,0.01526157253614105,0.35420272750330084,0.000812025538694825,1.5054888777928868e-08,0.0017862893317460193,0.0003072363368128982,6.232453920123435e-08,0.001313079270153894,0.9248699305140154,0.021951354034526502,0.8491107209392716,0.020799592476023122,867
512,47,0.0006419985424876641,0.0003760914985793391,1.8638942141525433e-06,0.0010218178294953081,0.08133787685150796,0.01641881130092311,0.36806120202961873,0.0009678340759761181,2.7369796784933472e-08,0.0014575313077500496,0.00037658496218438166,7.160144984534499e-08,0.0013120839128419881,0.9338018960305223,0.017919465864728035,0.8513478818998717,0.015407766261087015,867
512,48,0.0022067633006619867,0.0009430658254423842,2.639303568951517e-05,0.003202615197483402,0.0544201123611895,0.024819140904554258,0.2944674171856302,0.002874682513744722,1.1211865096505825e-07,0.000743913207881665,0.0009486206115882202,1.2911515356547254e-06,0.0058901361877155,0.8624449377767608,0.013669821240799157,0.8797855271442208,0.02966172369164971,867
